name,surname,email,destination,latitude,longitude
Stefan,Nikoloski,stefan.nikoloski@example.com,Skopje,41.99234495613666,21.409253158963264
Jovana,Micevska,jovana.micevska@example.com,Skopje,42.000584287184566,21.433388147325967
Angela,Petrovska,angela.petrovska@example.com,Skopje,41.998238608389855,21.401605109465482
Mihail,Kolevski,mihail.kolevski@example.com,Skopje,42.00068931783811,21.42119750013006
Tamara,Bozinovska,tamara.bozinovska@example.com,Skopje,41.98768537349889,21.44701624634369
Sara,Ristovska,sara.ristovska@example.com,Skopje,41.993155144991505,21.430476339313948
Filip,Zafirovski,filip.zafirovski@example.com,Skopje,41.993976542405804,21.430234730933254
Jovana,Trajkovska,jovana.trajkovska@example.com,Skopje,41.98161917242396,21.438597229429448
Sara,Trajkovska,sara.trajkovska@example.com,Skopje,41.98226909914362,21.46158830814229
Mihail,Stojanov,mihail.stojanov@example.com,Skopje,41.9786486756659,21.458504422760498
Petar,Stojanov,petar.stojanov@example.com,Skopje,41.98551551187232,21.432841554882657
Angela,Ristovska,angela.ristovska@example.com,Skopje,41.99537857871152,21.41208961282102
Stefan,Zafirovski,stefan.zafirovski@example.com,Skopje,41.98837742510862,21.44609209032245
Aleksandar,Ristovski,aleksandar.ristovski@example.com,Skopje,41.99969468908441,21.425315735478332
Filip,Todorovski,filip.todorovski@example.com,Skopje,41.98063578035787,21.46956108068401
David,Spasov,david.spasov@example.com,Skopje,42.00045010745053,21.42397429104762
Petar,Kostadinov,petar.kostadinov@example.com,Skopje,42.00449388728202,21.383914748939986
Aleksandar,Velkovski,aleksandar.velkovski@example.com,Skopje,42.0099949758508,21.377001862572847
Jovana,Mitrevska,jovana.mitrevska@example.com,Skopje,41.99842965734415,21.42123231110604
Stefan,Stojanov,stefan.stojanov@example.com,Skopje,41.98259408417971,21.455791303940302
Ana,Petrovska,ana.petrovska@example.com,Skopje,42.00004627121401,21.412164853783512
Marija,Bozinovska,marija.bozinovska@example.com,Skopje,41.98284323058172,21.468868606019488
Ivana,Krstevska,ivana.krstevska@example.com,Skopje,41.974633092289466,21.446351015036004
Aleksandar,Nikoloski,aleksandar.nikoloski@example.com,Skopje,42.00009652689492,21.42977168323406
Nikola,Petrovski,nikola.petrovski@example.com,Skopje,41.99550341411654,21.424592078672674
Katerina,Micevska,katerina.micevska@example.com,Skopje,42.001090193649695,21.39887730290816
Petar,Ristovski,petar.ristovski@example.com,Skopje,42.002244275714766,21.3704479480977
Tamara,Gjorgievska,tamara.gjorgievska@example.com,Skopje,42.003011775944586,21.422302603829195
Kristijan,Kolevski,kristijan.kolevski@example.com,Skopje,42.0046896272794,21.373476689032742
Sara,Ilievska,sara.ilievska@example.com,Skopje,42.00131352545344,21.41557171332704
Nikola,Gjorgievski,nikola.gjorgievski@example.com,Skopje,41.991263925536046,21.45709483895001
Nikola,Stojanov,nikola.stojanov@example.com,Skopje,41.999281861272294,21.414309654101384
Elena,Trajkovska,elena.trajkovska@example.com,Skopje,42.00894089153534,21.37066161510332
Katerina,Petrovska,katerina.petrovska@example.com,Skopje,41.98946043164472,21.45414746923844
David,Stojanov,david.stojanov@example.com,Skopje,42.00028066257737,21.431529391994232
Katerina,Gjorgievska,katerina.gjorgievska@example.com,Skopje,41.99377853862796,21.42534924512531
Tamara,Angelovska,tamara.angelovska@example.com,Skopje,42.005447202229604,21.41290767079799
Simona,Micevska,simona.micevska@example.com,Skopje,42.000223783317054,21.438844142874448
Goran,Petrovski,goran.petrovski@example.com,Skopje,41.993402855226186,21.435856244408544
Elena,Ristovska,elena.ristovska@example.com,Skopje,41.990537907211,21.41100314312267
Filip,Kostadinov,filip.kostadinov@example.com,Skopje,41.991660865703665,21.397146588349646
Sara,Gjorgievska,sara.gjorgievska@example.com,Skopje,41.99330450242485,21.45843807088739
Petar,Zafirovski,petar.zafirovski@example.com,Skopje,41.99392664573008,21.42985317962262
Aleksandar,Petrovski,aleksandar.petrovski@example.com,Skopje,41.996255377657256,21.434691230636314
Stefan,Kostadinov,stefan.kostadinov@example.com,Skopje,41.996641406926024,21.417300132037127
Marija,Micevska,marija.micevska@example.com,Skopje,42.005497287522,21.37294098714966
Nikola,Kolevski,nikola.kolevski@example.com,Skopje,41.99472505921487,21.410015427070057
David,Velkovski,david.velkovski@example.com,Skopje,41.99604023640885,21.42523918212315
Angela,Trajkovska,angela.trajkovska@example.com,Skopje,41.99769259654807,21.41314540287793
Mihail,Petrovski,mihail.petrovski@example.com,Skopje,41.99716147958885,21.429628439016305
Marija,Petrovska,marija.petrovska@example.com,Skopje,41.9780442125207,21.443729290462183
Mihail,Ristovski,mihail.ristovski@example.com,Skopje,41.99130118467713,21.430623557725635
Ana,Gjorgievska,ana.gjorgievska@example.com,Skopje,41.99239336761799,21.43134146538605
Marija,Ristovska,marija.ristovska@example.com,Skopje,42.005101433773014,21.412527252624344
Aleksandar,Kostadinov,aleksandar.kostadinov@example.com,Skopje,41.994376955118604,21.4296508744676
Jovana,Ilievska,jovana.ilievska@example.com,Skopje,42.00583349699608,21.36639773860074
Katerina,Ristovska,katerina.ristovska@example.com,Skopje,41.9988151857156,21.436969402892057
Mihail,Spasov,mihail.spasov@example.com,Skopje,41.9904303956649,21.444459137855677
Petar,Gjorgievski,petar.gjorgievski@example.com,Skopje,41.99022168858169,21.40871761515327
Ana,Trajkovska,ana.trajkovska@example.com,Skopje,41.995573162650174,21.422956248781112
Petar,Velkovski,petar.velkovski@example.com,Skopje,41.9887533653834,21.44989319739223
Angela,Ristovska,angela.ristovska1@example.com,Skopje,41.996895286346145,21.42327743519144
Goran,Spasov,goran.spasov@example.com,Skopje,41.99010337022637,21.468113776111437
David,Gjorgievski,david.gjorgievski@example.com,Skopje,42.006892756962195,21.395837460329307
Elena,Krstevska,elena.krstevska@example.com,Skopje,42.00022776204663,21.437818563618983
Simona,Trajkovska,simona.trajkovska@example.com,Skopje,42.00042287295241,21.433202864961476
Mihail,Gjorgievski,mihail.gjorgievski@example.com,Skopje,41.98296565138937,21.47017304028375
Sara,Krstevska,sara.krstevska@example.com,Skopje,41.99559575709594,21.401001745091353
Kristijan,Velkovski,kristijan.velkovski@example.com,Skopje,41.993573217225965,21.409452046076655
Simona,Ristovska,simona.ristovska@example.com,Skopje,41.97395463717546,21.448860966055967
